object,scope,rls_enabled,force_rls,policy_count,audit_trigger,status,defects
_arctos_migrations,INFRA,false,false,0,false,PLATFORM_EXEMPT,""
abac_access_log,TENANT,true,true,5,true,OK,""
abac_policy,TENANT,true,true,5,true,OK,""
academy_certificate,TENANT,true,true,5,true,OK,""
academy_course,TENANT,true,true,5,true,OK,""
academy_enrollment,TENANT,true,true,5,true,OK,""
academy_lesson,TENANT,true,true,5,true,OK,""
academy_quiz_attempt,TENANT,true,true,5,true,OK,""
access_log,TENANT,true,true,4,false,OK,""
account,AUTH,true,true,0,true,OK,""
acknowledgment,TENANT,true,true,5,true,OK,""
agent_execution_log,TENANT,true,true,5,true,OK,""
agent_recommendation,TENANT,true,true,5,true,OK,""
agent_registration,TENANT,true,true,5,true,OK,""
ai_authority_communication,TENANT,true,true,6,true,OK,""
ai_conformity_assessment,TENANT,true,true,5,true,OK,""
ai_corrective_action,TENANT,true,true,6,true,OK,""
ai_egress_log,TENANT,true,true,5,false,OK,""
ai_feature_registry,PLATFORM,false,false,0,false,PLATFORM_EXEMPT,""
ai_framework_mapping,TENANT,true,true,5,true,OK,""
ai_fria,TENANT,true,true,5,true,OK,""
ai_gpai_model,TENANT,true,true,5,true,OK,""
ai_human_oversight_log,TENANT,true,true,5,true,OK,""
ai_incident,TENANT,true,true,5,true,OK,""
ai_org_policy,TENANT,true,true,5,true,OK,""
ai_penalty,TENANT,true,true,5,true,OK,""
ai_prohibited_screening,TENANT,true,true,6,true,OK,""
ai_prompt_log,TENANT,true,true,5,true,OK,""
ai_provider_qms,TENANT,true,true,6,true,OK,""
ai_system,TENANT,true,true,5,true,OK,""
ai_transparency_entry,TENANT,true,true,5,true,OK,""
api_key,TENANT,true,true,5,true,OK,""
api_key_scope,TENANT_CHILD,true,true,1,true,OK,""
api_playground_snippet,TENANT,true,true,5,true,OK,""
api_scope,PLATFORM,false,false,0,true,PLATFORM_EXEMPT,""
api_usage_log,TENANT,true,true,5,true,OK,""
application_assessment_history,TENANT,true,true,5,true,OK,""
application_interface,TENANT,true,true,5,true,OK,""
application_portfolio,TENANT,true,true,5,true,OK,""
approval_decision,TENANT_CHILD,true,true,1,true,OK,""
approval_request,TENANT,true,true,5,true,OK,""
approval_workflow,TENANT,true,true,5,true,OK,""
architecture_change_request,TENANT,true,true,5,true,OK,""
architecture_change_vote,TENANT_CHILD,true,true,1,true,OK,""
architecture_element,TENANT,true,true,5,true,OK,""
architecture_health_snapshot,TENANT,true,true,5,true,OK,""
architecture_relationship,TENANT,true,true,5,true,OK,""
architecture_rule,TENANT,true,true,5,true,OK,""
architecture_rule_violation,TENANT,true,true,5,true,OK,""
arctos_rls_guard_event,PLATFORM,true,false,1,false,PLATFORM_EXEMPT,""
assessment_control_eval,TENANT,true,true,5,true,OK,""
assessment_risk_eval,TENANT,true,true,5,true,OK,""
assessment_run,TENANT,true,true,5,true,OK,""
asset,TENANT,true,true,5,true,OK,""
asset_cia_profile,TENANT,true,true,5,true,OK,""
asset_classification,TENANT,true,true,5,true,OK,""
asset_classification_override,TENANT,true,true,8,true,OK,""
asset_cpe,TENANT,true,true,6,true,OK,""
asset_type_risk_recommendation,PLATFORM,false,false,0,true,PLATFORM_EXEMPT,""
assurance_score_snapshot,TENANT,true,true,5,true,OK,""
attack_path_result,TENANT,true,true,5,true,OK,""
attestation_campaign,TENANT,true,true,7,true,OK,""
attestation_response,TENANT_CHILD,true,true,1,true,OK,""
audit,TENANT,true,true,5,true,OK,""
audit_activity,TENANT,true,true,5,true,OK,""
audit_analytics_import,TENANT,true,true,5,true,OK,""
audit_analytics_result,TENANT,true,true,5,true,OK,""
audit_analytics_template,TENANT,true,true,8,true,OK,""
audit_anchor,TENANT,true,true,4,true,OK,""
audit_anchor_seal,TENANT,true,true,2,false,OK,""
audit_chain_verification,TENANT,true,true,1,false,OK,""
audit_checklist,TENANT,true,true,5,true,OK,""
audit_checklist_item,TENANT,true,true,5,true,OK,""
audit_evidence,TENANT,true,true,5,true,OK,""
audit_log,TENANT,true,true,4,false,OK,""
audit_log_write_attempt,PLATFORM,false,false,0,false,PLATFORM_EXEMPT,""
audit_plan,TENANT,true,true,5,true,OK,""
audit_plan_item,TENANT,true,true,5,true,OK,""
audit_qa_checklist_item,TENANT_CHILD,true,true,1,true,OK,""
audit_qa_review,TENANT,true,true,5,true,OK,""
audit_resource_allocation,TENANT,true,true,5,true,OK,""
audit_risk_prediction,TENANT,true,true,4,true,OK,""
audit_risk_prediction_model,TENANT,true,true,4,true,OK,""
audit_sample,TENANT,true,true,7,true,OK,""
audit_sensitive_column,PLATFORM,false,false,0,false,PLATFORM_EXEMPT,""
audit_sign_off,TENANT,true,true,4,true,OK,""
audit_time_entry,TENANT,true,true,5,true,OK,""
audit_universe_entry,TENANT,true,true,5,true,OK,""
audit_working_paper,TENANT,true,true,5,true,OK,""
audit_wp_folder,TENANT,true,true,5,true,OK,""
audit_wp_review_note,TENANT_CHILD,true,true,1,true,OK,""
audit_wp_review_note_reply,TENANT_CHILD,true,true,1,true,OK,""
auditor_profile,TENANT,true,true,5,true,OK,""
automation_rule,TENANT,true,true,5,true,OK,""
automation_rule_execution,TENANT,true,true,5,true,OK,""
automation_rule_template,TENANT,true,true,8,true,OK,""
bc_exercise,TENANT,true,true,5,true,OK,""
bc_exercise_finding,TENANT,true,true,5,true,OK,""
bc_exercise_inject_log,TENANT_CHILD,true,true,1,true,OK,""
bc_exercise_lesson,TENANT,true,true,5,true,OK,""
bc_exercise_scenario,PLATFORM,false,false,0,true,PLATFORM_EXEMPT,""
bcp,TENANT,true,true,5,true,OK,""
bcp_procedure,TENANT,true,true,5,true,OK,""
bcp_resource,TENANT,true,true,5,true,OK,""
benchmark_pool,PLATFORM,false,false,0,true,PLATFORM_EXEMPT,""
benchmark_submission,TENANT,true,true,5,true,OK,""
bi_brand_config,TENANT,true,true,5,true,OK,""
bi_data_source,TENANT,true,true,5,true,OK,""
bi_query,TENANT,true,true,5,true,OK,""
bi_report,TENANT,true,true,5,true,OK,""
bi_report_execution,TENANT,true,true,5,true,OK,""
bi_report_widget,TENANT,true,true,5,true,OK,""
bi_scheduled_report,TENANT,true,true,5,true,OK,""
bi_shared_dashboard,TENANT,true,true,5,true,OK,""
bia_assessment,TENANT,true,true,5,true,OK,""
bia_process_impact,TENANT,true,true,5,true,OK,""
bia_supplier_dependency,TENANT,true,true,5,true,OK,""
billing_invoice,TENANT,true,true,5,true,OK,""
board_report,TENANT,true,true,7,true,OK,""
bowtie_element,TENANT,true,true,5,true,OK,""
bowtie_path,TENANT_CHILD,true,true,1,true,OK,""
bowtie_template,PLATFORM,false,false,0,true,PLATFORM_EXEMPT,""
bpm_simulation_result,TENANT,true,true,5,true,OK,""
business_capability,TENANT,true,true,5,true,OK,""
catalog,PLATFORM,false,false,0,false,PLATFORM_EXEMPT,""
catalog_entry,PLATFORM,false,false,0,false,PLATFORM_EXEMPT,""
catalog_entry_mapping,PLATFORM,false,false,0,true,PLATFORM_EXEMPT,""
catalog_entry_reference,TENANT,true,true,5,true,OK,""
catalog_lifecycle_phase,TENANT,true,true,5,true,OK,""
cci_configuration,TENANT,true,true,5,true,OK,""
ccm_connector,TENANT,true,true,5,true,OK,""
ccm_evidence,TENANT,true,true,5,true,OK,""
cert_evidence_package,TENANT,true,true,5,true,OK,""
cert_mock_audit,TENANT,true,true,5,true,OK,""
cert_readiness_assessment,TENANT,true,true,5,true,OK,""
certification_readiness_snapshot,TENANT,true,true,5,true,OK,""
checklist_instance,TENANT,true,true,7,true,OK,""
checklist_template,TENANT,true,true,7,true,OK,""
climate_risk_scenario,TENANT,true,true,5,true,OK,""
cloud_compliance_snapshot,TENANT,true,true,5,true,OK,""
cloud_service_catalog,PLATFORM,false,false,0,true,PLATFORM_EXEMPT,""
cloud_test_execution,TENANT,true,true,5,true,OK,""
cloud_test_suite,TENANT,true,true,5,true,OK,""
community_contribution,TENANT,true,true,5,true,OK,""
community_edition_config,TENANT,true,true,5,true,OK,""
compliance_calendar_event,TENANT,true,true,6,true,OK,""
compliance_culture_snapshot,TENANT,true,true,5,true,OK,""
connector_credential,TENANT,true,true,5,true,OK,""
connector_field_mapping,TENANT_CHILD,true,true,1,true,OK,""
connector_health_check,TENANT,true,true,5,true,OK,""
connector_instance,TENANT,true,true,7,true,OK,""
connector_schedule,TENANT,true,true,5,true,OK,""
connector_sync_log,TENANT,true,true,7,true,OK,""
connector_test_definition,PLATFORM,false,false,0,true,PLATFORM_EXEMPT,""
connector_test_result,TENANT,true,true,5,true,OK,""
connector_type_definition,PLATFORM,false,false,0,false,PLATFORM_EXEMPT,""
consent_record,TENANT,true,true,5,true,OK,""
consent_type,TENANT,true,true,5,true,OK,""
consolidation_entry,TENANT,true,true,7,true,OK,""
consolidation_group,TENANT,true,true,7,true,OK,""
content_placeholder,TENANT,true,true,7,true,OK,""
content_request,TENANT,true,true,7,true,OK,""
continuity_strategy,TENANT,true,true,5,true,OK,""
continuous_audit_exception,TENANT,true,true,5,true,OK,""
continuous_audit_result,TENANT,true,true,5,true,OK,""
continuous_audit_rule,TENANT,true,true,5,true,OK,""
contract,TENANT,true,true,5,true,OK,""
contract_amendment,TENANT,true,true,5,true,OK,""
contract_obligation,TENANT,true,true,5,true,OK,""
contract_sla,TENANT,true,true,5,true,OK,""
contract_sla_measurement,TENANT,true,true,5,true,OK,""
control,TENANT,true,true,5,true,OK,""
control_catalog,PLATFORM,false,false,0,true,PLATFORM_EXEMPT,""
control_catalog_entry,PLATFORM,false,false,0,true,PLATFORM_EXEMPT,""
control_catalog_entry_v,VIEW,false,false,0,false,OK,""
control_catalog_v,VIEW,false,false,0,false,OK,""
control_deficiency,TENANT,true,true,5,true,OK,""
control_effectiveness_score,TENANT,true,true,5,true,OK,""
control_embedding,TENANT,true,true,1,true,OK,""
control_framework_coverage,TENANT,true,true,5,true,OK,""
control_library_entry,PLATFORM,false,false,0,true,PLATFORM_EXEMPT,""
control_maturity,TENANT,true,true,5,true,OK,""
control_monitoring_result,TENANT,true,true,7,true,OK,""
control_monitoring_rule,TENANT,true,true,7,true,OK,""
control_test,TENANT,true,true,5,true,OK,""
control_test_campaign,TENANT,true,true,5,true,OK,""
control_test_checklist,TENANT,true,true,5,true,OK,""
control_test_execution,TENANT,true,true,5,true,OK,""
control_test_learning,TENANT,true,true,5,true,OK,""
control_test_script,TENANT,true,true,5,true,OK,""
copilot_conversation,TENANT,true,true,5,true,OK,""
copilot_feedback,TENANT,true,true,5,true,OK,""
copilot_message,TENANT,true,true,5,true,OK,""
copilot_prompt_template,TENANT,true,true,8,true,OK,""
copilot_rag_source,TENANT,true,true,5,true,OK,""
copilot_suggested_action,TENANT,true,true,5,true,OK,""
copilot_usage_stats,VIEW,false,false,0,false,OK,""
country_risk_profile,PLATFORM,false,false,0,true,PLATFORM_EXEMPT,""
crisis_communication_log,TENANT,true,true,5,true,OK,""
crisis_contact_node,TENANT_CHILD,true,true,1,true,OK,""
crisis_contact_tree,TENANT,true,true,5,true,OK,""
crisis_log,TENANT,true,true,5,true,OK,""
crisis_scenario,TENANT,true,true,5,true,OK,""
crisis_team_member,TENANT,true,true,5,true,OK,""
cross_region_replication,TENANT,true,true,5,true,OK,""
custom_dashboard,TENANT,true,true,6,true,OK,""
custom_dashboard_widget,TENANT_CHILD,true,true,1,true,OK,""
custom_field_definition,TENANT,true,true,5,true,OK,""
custom_role,TENANT,true,true,5,true,OK,""
cve_asset_match,TENANT,true,true,6,true,OK,""
cve_feed_item,PLATFORM,false,false,0,true,PLATFORM_EXEMPT,""
data_breach,TENANT,true,true,5,true,OK,""
data_breach_notification,TENANT,true,true,5,true,OK,""
data_export_log,TENANT,true,true,1,true,OK,""
data_flow,TENANT,true,true,5,true,OK,""
data_lineage_entry,TENANT,true,true,7,true,OK,""
data_lineage_source,TENANT,true,true,7,true,OK,""
data_link,TENANT,true,true,7,true,OK,""
data_region,PLATFORM,false,false,0,true,PLATFORM_EXEMPT,""
data_residency_rule,TENANT,true,true,5,true,OK,""
data_validation_result,TENANT,true,true,7,true,OK,""
data_validation_rule,TENANT,true,true,7,true,OK,""
dd_evidence,TENANT_CHILD,true,true,1,true,OK,""
dd_response,TENANT_CHILD,true,true,1,true,OK,""
dd_session,TENANT,true,true,5,true,OK,""
deletion_request,TENANT,true,true,5,true,OK,""
developer_app,TENANT,true,true,5,true,OK,""
device_registration,TENANT,true,true,5,true,OK,""
devops_connector_config,TENANT,true,true,5,true,OK,""
devops_test_result,TENANT,true,true,5,true,OK,""
dmn_decision,TENANT,true,true,5,true,OK,""
document,TENANT,true,true,5,true,OK,""
document_approval_step,TENANT,true,true,4,true,OK,""
document_entity_link,TENANT,true,true,5,true,OK,""
document_file,TENANT,true,true,4,true,OK,""
document_signature,TENANT,true,true,1,true,OK,""
document_signature_request,TENANT,true,true,1,true,OK,""
document_version,TENANT,true,true,5,true,OK,""
dora_ict_incident,TENANT,true,true,5,true,OK,""
dora_ict_provider,TENANT,true,true,5,true,OK,""
dora_ict_risk,TENANT,true,true,5,true,OK,""
dora_information_sharing,TENANT,true,true,5,true,OK,""
dora_nis2_cross_ref,TENANT,true,true,5,true,OK,""
dora_tlpt_plan,TENANT,true,true,5,true,OK,""
dpia,TENANT,true,true,5,true,OK,""
dpia_measure,TENANT,true,true,5,true,OK,""
dpia_risk,TENANT,true,true,5,true,OK,""
dsr,TENANT,true,true,5,true,OK,""
dsr_activity,TENANT,true,true,5,true,OK,""
dsr_subject_index,PLATFORM,true,true,2,false,PLATFORM_EXEMPT,"dsr_subject_index_read: USING/CHECK (true) on SELECT"
eam_ai_config,TENANT,true,true,5,true,OK,""
eam_ai_prompt_template,TENANT,true,true,8,true,OK,""
eam_ai_suggestion_log,TENANT,true,true,5,true,OK,""
eam_bpmn_element_placement,TENANT,true,true,5,true,OK,""
eam_business_context,TENANT,true,true,5,true,OK,""
eam_chat_session,TENANT,true,true,5,true,OK,""
eam_context,TENANT,true,true,5,true,OK,""
eam_context_attribute,TENANT,true,true,5,true,OK,""
eam_data_object,TENANT,true,true,5,true,OK,""
eam_data_object_crud,TENANT,true,true,5,true,OK,""
eam_governance_log,TENANT,true,true,5,true,OK,""
eam_homepage_layout,TENANT,true,true,5,true,OK,""
eam_keyword,TENANT,true,true,5,true,OK,""
eam_object_suggestion,TENANT,true,true,5,true,OK,""
eam_org_unit,TENANT,true,true,5,true,OK,""
eam_translation,TENANT,true,true,5,true,OK,""
emerging_risk,TENANT,true,true,5,true,OK,""
emission_activity_data,TENANT,true,true,5,true,OK,""
emission_factor,TENANT,true,true,8,true,OK,""
emission_source,TENANT,true,true,5,true,OK,""
entity_comment,TENANT,true,true,5,true,OK,""
entity_reference,TENANT,true,true,5,true,OK,""
entity_translation,TENANT,true,true,5,true,OK,""
entity_translation_corruption_candidates,VIEW,false,false,0,false,OK,""
erm_sync_config,TENANT,true,true,5,true,OK,""
esef_filing,TENANT,true,true,7,true,OK,""
esg_annual_report,TENANT,true,true,5,true,OK,""
esg_collection_assignment,TENANT,true,true,5,true,OK,""
esg_collection_campaign,TENANT,true,true,5,true,OK,""
esg_control_link,TENANT,true,true,5,true,OK,""
esg_materiality_assessment,TENANT,true,true,5,true,OK,""
esg_materiality_topic,TENANT_CHILD,true,true,1,true,OK,""
esg_materiality_vote,TENANT_CHILD,true,true,1,true,OK,""
esg_measurement,TENANT,true,true,5,true,OK,""
esg_target,TENANT,true,true,5,true,OK,""
esrs_datapoint_definition,PLATFORM,false,false,0,true,PLATFORM_EXEMPT,""
esrs_disclosure_template,TENANT,true,true,5,true,OK,""
esrs_metric,TENANT,true,true,5,true,OK,""
essential_process,TENANT,true,true,5,true,OK,""
eu_taxonomy_assessment,TENANT,true,true,6,true,OK,""
event_log,TENANT,true,true,5,true,OK,""
evidence,TENANT,true,true,5,true,OK,""
evidence_artifact,TENANT,true,true,5,true,OK,""
evidence_connector,TENANT,true,true,5,true,OK,""
evidence_freshness_config,TENANT,true,true,5,true,OK,""
evidence_request,TENANT,true,true,7,true,OK,""
evidence_review_gap,TENANT,true,true,5,true,OK,""
evidence_review_job,TENANT,true,true,5,true,OK,""
evidence_review_result,TENANT,true,true,5,true,OK,""
evidence_review_summary,VIEW,false,false,0,false,OK,""
exception_report,TENANT,true,true,5,true,OK,""
executive_kpi_snapshot,TENANT,true,true,5,true,OK,""
export_approval,TENANT,true,true,2,false,OK,""
export_schedule,TENANT,true,true,6,true,OK,""
extension_marketplace,PLATFORM,false,false,0,true,PLATFORM_EXEMPT,""
external_auditor_activity,TENANT,true,true,5,true,OK,""
external_auditor_share,TENANT,true,true,5,true,OK,""
fair_parameters,TENANT,true,true,5,true,OK,""
fair_simulation_result,TENANT,true,true,5,true,OK,""
feature_gate,PLATFORM,false,false,0,true,PLATFORM_EXEMPT,""
finding,TENANT,true,true,5,true,OK,""
finding_sla_config,TENANT,true,true,5,true,OK,""
framework_coverage_snapshot,TENANT,true,true,5,true,OK,""
framework_gap_analysis,TENANT,true,true,5,true,OK,""
framework_mapping,PLATFORM,false,false,0,true,PLATFORM_EXEMPT,""
framework_mapping_full,VIEW,false,false,0,false,OK,""
framework_mapping_rule,TENANT,true,true,5,true,OK,""
gdpr_erasure_log,TENANT,true,true,3,false,OK,""
general_catalog_entry,TENANT,true,true,5,true,OK,""
grc_budget,TENANT,true,true,5,true,OK,""
grc_budget_line,TENANT,true,true,5,true,OK,""
grc_cost_entry,TENANT,true,true,5,true,OK,""
grc_roi_calculation,TENANT,true,true,5,true,OK,""
grc_time_entry,TENANT,true,true,5,true,OK,""
horizon_calendar_event,TENANT,true,true,5,true,OK,""
horizon_impact_assessment,TENANT,true,true,5,true,OK,""
horizon_scan_item,TENANT,true,true,5,true,OK,""
horizon_scan_source,TENANT,true,true,8,true,OK,""
identity_connector_config,TENANT,true,true,5,true,OK,""
identity_test_result,TENANT,true,true,5,true,OK,""
import_column_mapping,TENANT,true,true,6,true,OK,""
import_job,TENANT,true,true,6,true,OK,""
incident_correlation,TENANT,true,true,5,true,OK,""
incident_timeline_entry,TENANT,true,true,6,true,OK,""
inline_comment,TENANT,true,true,7,true,OK,""
invitation,TENANT,true,true,5,true,OK,""
isms_corrective_action,TENANT,true,true,6,true,OK,""
isms_nonconformity,TENANT,true,true,6,true,OK,""
it_infrastructure_check,TENANT,true,true,5,true,OK,""
job_run,PLATFORM,false,false,0,false,PLATFORM_EXEMPT,""
kri,TENANT,true,true,5,true,OK,""
kri_measurement,TENANT,true,true,5,true,OK,""
lksg_assessment,TENANT,true,true,5,true,OK,""
lksg_due_diligence,TENANT,true,true,5,true,OK,""
management_review,TENANT,true,true,5,true,OK,""
management_review_item,TENANT,true,true,1,true,OK,""
marketplace_category,PLATFORM,false,false,0,true,PLATFORM_EXEMPT,""
marketplace_installation,TENANT,true,true,5,true,OK,""
marketplace_listing,TENANT,true,true,5,true,OK,""
marketplace_publisher,TENANT,true,true,5,true,OK,""
marketplace_review,TENANT,true,true,5,true,OK,""
marketplace_security_scan,TENANT,true,true,5,true,OK,""
marketplace_version,TENANT,true,true,5,true,OK,""
materiality_assessment,TENANT,true,true,5,true,OK,""
materiality_iro,TENANT,true,true,5,true,OK,""
materiality_stakeholder_engagement,TENANT,true,true,5,true,OK,""
maturity_assessment,TENANT,true,true,5,true,OK,""
maturity_model,TENANT,true,true,5,true,OK,""
maturity_roadmap_action,TENANT,true,true,6,true,OK,""
maturity_roadmap_item,TENANT,true,true,5,true,OK,""
messaging_integration,TENANT,true,true,7,true,OK,""
mobile_session,TENANT,true,true,5,true,OK,""
module_config,TENANT,true,true,5,true,OK,""
module_definition,PLATFORM,false,false,0,true,PLATFORM_EXEMPT,""
module_nav_item,PLATFORM,false,false,0,true,PLATFORM_EXEMPT,""
narrative_instance,TENANT,true,true,7,true,OK,""
narrative_template,TENANT,true,true,7,true,OK,""
nis2_incident_report,TENANT,true,true,5,true,OK,""
notification,TENANT,true,true,1,true,OK,""
notification_preference,PLATFORM,true,true,1,true,PLATFORM_EXEMPT,""
offline_sync_state,TENANT,true,true,5,true,OK,""
onboarding_session,TENANT,true,true,5,true,OK,""
onboarding_step,TENANT_CHILD,true,true,1,true,OK,""
org_active_catalog,TENANT,true,true,5,true,OK,""
org_branding,TENANT,true,true,5,true,OK,""
org_catalog_exclusion,TENANT,true,true,5,true,OK,""
org_entity_relationship,PLATFORM,true,true,1,true,PLATFORM_EXEMPT,""
org_risk_methodology,TENANT,true,true,5,true,OK,""
org_subscription,TENANT,true,true,5,true,OK,""
organization,PLATFORM,true,true,4,true,PLATFORM_EXEMPT,""
organization_contact,TENANT,true,true,5,true,OK,""
pbd_assessment,TENANT,true,true,5,true,OK,""
pii_pseudonym_key,PLATFORM,true,true,1,false,PLATFORM_EXEMPT,""
pii_redaction_rule,PLATFORM,true,true,2,false,PLATFORM_EXEMPT,"pii_redaction_rule_read: USING/CHECK (true) on SELECT"
platform_admin,PLATFORM,true,true,1,false,PLATFORM_EXEMPT,""
playbook_activation,TENANT,true,true,5,true,OK,""
playbook_phase,TENANT_CHILD,true,true,1,true,OK,""
playbook_task_template,TENANT_CHILD,true,true,1,true,OK,""
playbook_template,TENANT,true,true,5,true,OK,""
plugin,PLATFORM,false,false,0,true,PLATFORM_EXEMPT,""
plugin_execution_log,TENANT,true,true,5,true,OK,""
plugin_hook,PLATFORM,false,false,0,true,PLATFORM_EXEMPT,""
plugin_installation,TENANT,true,true,5,true,OK,""
plugin_setting,TENANT,true,true,5,true,OK,""
policy_acknowledgment,TENANT,true,true,5,true,OK,""
policy_distribution,TENANT,true,true,5,true,OK,""
policy_quiz_response,TENANT,true,true,5,true,OK,""
portal_audit_trail,TENANT,true,true,5,true,OK,""
portal_branding,TENANT,true,true,5,true,OK,""
portal_config,TENANT,true,true,5,true,OK,""
portal_evidence_upload,TENANT,true,true,5,true,OK,""
portal_questionnaire_response,TENANT,true,true,5,true,OK,""
portal_session,TENANT,true,true,5,true,OK,""
process,TENANT,true,true,5,true,OK,""
process_approval_step,TENANT,true,true,4,true,OK,""
process_asset,TENANT,true,true,5,true,OK,""
process_comment,TENANT,true,true,5,true,OK,""
process_conformance_result,TENANT,true,true,5,true,OK,""
process_control,TENANT,true,true,5,true,OK,""
process_document,TENANT,true,true,5,true,OK,""
process_event,TENANT,true,true,5,true,OK,""
process_event_activity_map,TENANT,true,true,1,false,OK,""
process_event_log,TENANT,true,true,5,true,OK,""
process_event_transition_map,TENANT,true,true,1,false,OK,""
process_framework_mapping,TENANT,true,true,8,true,OK,""
process_kpi_definition,TENANT,true,true,5,true,OK,""
process_kpi_measurement,TENANT,true,true,5,true,OK,""
process_lane,TENANT,true,true,1,true,OK,""
process_maturity_assessment,TENANT,true,true,5,true,OK,""
process_maturity_questionnaire,PLATFORM,false,false,0,true,PLATFORM_EXEMPT,""
process_mining_suggestion,TENANT,true,true,5,true,OK,""
process_raci_override,TENANT,true,true,5,true,OK,""
process_review_schedule,TENANT,true,true,5,true,OK,""
process_risk,TENANT,true,true,5,true,OK,""
process_ropa_profile,TENANT,true,true,4,true,OK,""
process_sign_off,TENANT,true,true,4,true,OK,""
process_simulation_result,TENANT,true,true,4,true,OK,""
process_step,TENANT,true,true,5,true,OK,""
process_step_asset,TENANT,true,true,5,true,OK,""
process_step_bia,TENANT,true,true,1,true,OK,""
process_step_control,TENANT,true,true,5,true,OK,""
process_step_data_category,TENANT,true,true,1,true,OK,""
process_step_document,TENANT,true,true,1,true,OK,""
process_step_raci,TENANT,true,true,1,true,OK,""
process_step_recipient,TENANT,true,true,1,true,OK,""
process_step_risk,TENANT,true,true,5,true,OK,""
process_step_ropa,TENANT,true,true,1,true,OK,""
process_template,PLATFORM,false,false,0,true,PLATFORM_EXEMPT,""
process_version,TENANT,true,true,5,true,OK,""
processor_agreement,TENANT,true,true,5,true,OK,""
programme_approval_event,TENANT,true,true,5,true,OK,""
programme_journey,TENANT,true,true,5,true,OK,""
programme_journey_event,TENANT,true,true,5,true,OK,""
programme_journey_phase,TENANT,true,true,5,true,OK,""
programme_journey_step,TENANT,true,true,5,true,OK,""
programme_journey_subtask,TENANT,true,true,5,true,OK,""
programme_step_link,TENANT,true,true,5,true,OK,""
programme_template,PLATFORM,false,false,0,true,PLATFORM_EXEMPT,""
programme_template_phase,PLATFORM,false,false,0,true,PLATFORM_EXEMPT,""
programme_template_step,PLATFORM,false,false,0,true,PLATFORM_EXEMPT,""
programme_template_subtask,PLATFORM,false,false,0,true,PLATFORM_EXEMPT,""
push_notification,TENANT,true,true,5,true,OK,""
questionnaire_question,TENANT_CHILD,true,true,1,true,OK,""
questionnaire_section,TENANT_CHILD,true,true,1,true,OK,""
questionnaire_template,TENANT,true,true,5,true,OK,""
rcsa_assignment,TENANT,true,true,5,true,OK,""
rcsa_campaign,TENANT,true,true,5,true,OK,""
rcsa_response,TENANT,true,true,5,true,OK,""
rcsa_result,TENANT,true,true,5,true,OK,""
recovery_procedure,TENANT,true,true,5,true,OK,""
recovery_procedure_step,TENANT_CHILD,true,true,1,true,OK,""
region_tenant_config,TENANT,true,true,5,true,OK,""
regulation_simulation,TENANT,true,true,5,true,OK,""
regulatory_calendar_event,TENANT,true,true,5,true,OK,""
regulatory_change,TENANT,true,true,5,true,OK,""
regulatory_digest,TENANT,true,true,5,true,OK,""
regulatory_feed_item,PLATFORM,false,false,0,true,PLATFORM_EXEMPT,""
regulatory_impact_assessment,TENANT,true,true,5,true,OK,""
regulatory_relevance_score,TENANT,true,true,5,true,OK,""
regulatory_source,TENANT,true,true,8,true,OK,""
reminder_rule,TENANT,true,true,7,true,OK,""
report_generation_log,TENANT,true,true,5,true,OK,""
report_schedule,TENANT,true,true,5,true,OK,""
report_template,TENANT,true,true,6,true,OK,""
resilience_score_snapshot,TENANT,true,true,5,true,OK,""
retention_binding,TENANT,true,true,3,false,OK,""
retention_exception,TENANT,true,true,5,true,OK,""
retention_policy,TENANT,true,true,4,true,OK,""
retention_run_log,TENANT,true,true,3,false,OK,""
retention_schedule,TENANT,true,true,5,true,OK,""
review_cycle,TENANT,true,true,7,true,OK,""
review_decision,TENANT_CHILD,true,true,1,true,OK,""
risk,TENANT,true,true,5,true,OK,""
risk_acceptance,TENANT,true,true,5,true,OK,""
risk_acceptance_authority,TENANT,true,true,5,true,OK,""
risk_anomaly_detection,TENANT,true,true,2,true,OK,""
risk_appetite,TENANT,true,true,5,true,OK,""
risk_appetite_threshold,TENANT,true,true,5,true,OK,""
risk_asset,TENANT,true,true,5,true,OK,""
risk_catalog,PLATFORM,false,false,0,true,PLATFORM_EXEMPT,""
risk_catalog_entry,PLATFORM,false,false,0,true,PLATFORM_EXEMPT,""
risk_catalog_entry_v,VIEW,false,false,0,false,OK,""
risk_catalog_v,VIEW,false,false,0,false,OK,""
risk_control,TENANT,true,true,5,true,OK,""
risk_evaluation_log,TENANT,true,true,5,true,OK,""
risk_event,TENANT,true,true,5,true,OK,""
risk_event_lesson,TENANT,true,true,5,true,OK,""
risk_executive_summary,TENANT,true,true,5,true,OK,""
risk_framework_mapping,TENANT,true,true,5,true,OK,""
risk_interconnection,TENANT,true,true,5,true,OK,""
risk_prediction,TENANT,true,true,6,true,OK,""
risk_prediction_alert,TENANT,true,true,5,true,OK,""
risk_prediction_model,TENANT,true,true,6,true,OK,""
risk_propagation_result,TENANT,true,true,5,true,OK,""
risk_quantification_config,TENANT,true,true,5,true,OK,""
risk_scenario,TENANT,true,true,5,true,OK,""
risk_sensitivity_analysis,TENANT,true,true,5,true,OK,""
risk_treatment,TENANT,true,true,5,true,OK,""
risk_treatment_link,TENANT,true,true,5,true,OK,""
risk_var_calculation,TENANT,true,true,5,true,OK,""
role_dashboard_config,TENANT,true,true,5,true,OK,""
role_dashboard_widget_preference,TENANT,true,true,5,true,OK,""
role_permission,TENANT_CHILD,true,true,1,true,OK,""
root_cause_analysis,TENANT,true,true,5,true,OK,""
ropa_data_category,TENANT,true,true,5,true,OK,""
ropa_data_subject,TENANT,true,true,5,true,OK,""
ropa_entry,TENANT,true,true,5,true,OK,""
ropa_recipient,TENANT,true,true,5,true,OK,""
saas_compliance_check,TENANT,true,true,5,true,OK,""
saml_assertion_replay,TENANT,true,true,2,false,OK,""
scenario_engine_scenario,TENANT,true,true,4,true,OK,""
scim_sync_log,TENANT,true,true,5,true,OK,""
scim_token,TENANT,true,true,5,true,OK,""
search_index,TENANT,true,true,5,true,OK,""
security_incident,TENANT,true,true,5,true,OK,""
security_posture_snapshot,TENANT,true,true,5,true,OK,""
session,AUTH,true,true,0,false,OK,""
simulation_activity_param,TENANT,true,true,5,true,OK,""
simulation_comparison,TENANT,true,true,5,true,OK,""
simulation_parameter,TENANT,true,true,5,true,OK,""
simulation_result,TENANT,true,true,6,true,OK,""
simulation_run,TENANT,true,true,5,true,OK,""
simulation_run_result,TENANT,true,true,1,false,OK,""
simulation_scenario,TENANT,true,true,5,true,OK,""
soa_ai_suggestion,TENANT,true,true,6,true,OK,""
soa_entry,TENANT,true,true,5,true,OK,""
sod_rule,TENANT,true,true,1,true,OK,""
sovereignty_audit_log,TENANT,true,true,5,true,OK,""
sox_scope,TENANT,true,true,5,true,OK,""
sox_scoping,TENANT,true,true,7,true,OK,""
sox_walkthrough,TENANT,true,true,5,true,OK,""
sso_config,TENANT,true,true,5,true,OK,""
stakeholder,TENANT,true,true,5,true,OK,""
stakeholder_expectation,TENANT,true,true,5,true,OK,""
sub_processor_notification,TENANT,true,true,5,true,OK,""
subscription_plan,PLATFORM,false,false,0,true,PLATFORM_EXEMPT,""
supplier_esg_assessment,TENANT,true,true,5,true,OK,""
supplier_esg_corrective_action,TENANT,true,true,5,true,OK,""
tag_definition,TENANT,true,true,6,true,OK,""
task,TENANT,true,true,5,true,OK,""
task_comment,TENANT,true,true,5,true,OK,""
tax_audit_prep,TENANT,true,true,5,true,OK,""
tax_cms_element,TENANT,true,true,5,true,OK,""
tax_gobd_archive,TENANT,true,true,5,true,OK,""
tax_icfr_control,TENANT,true,true,5,true,OK,""
tax_risk,TENANT,true,true,5,true,OK,""
technology_application_link,TENANT,true,true,5,true,OK,""
technology_entry,TENANT,true,true,5,true,OK,""
template_pack,PLATFORM,false,false,0,true,PLATFORM_EXEMPT,""
template_pack_item,PLATFORM,false,false,0,true,PLATFORM_EXEMPT,""
threat,TENANT,true,true,5,true,OK,""
threat_feed_item,TENANT,true,true,5,true,OK,""
threat_feed_source,TENANT,true,true,5,true,OK,""
tia,TENANT,true,true,5,true,OK,""
transfer_impact_assessment,TENANT,true,true,5,true,OK,""
translation_status,TENANT,true,true,5,true,OK,""
treatment_milestone,TENANT,true,true,5,true,OK,""
usage_meter,PLATFORM,false,false,0,true,PLATFORM_EXEMPT,""
usage_record,TENANT,true,true,5,true,OK,""
user,AUTH,true,true,4,true,OK,""
user_custom_role,TENANT,true,true,5,true,OK,""
user_dashboard_layout,TENANT,true,true,5,true,OK,""
user_diagram_preference,TENANT,true,true,2,false,OK,""
user_nav_preference,TENANT,true,true,5,true,OK,""
user_organization_role,TENANT,true,true,6,true,OK,""
v_ai_documentation_status,VIEW,false,false,0,false,OK,""
v_budget_usage,VIEW,false,false,0,false,OK,""
value_stream_map,TENANT,true,true,5,true,OK,""
vendor,TENANT,true,true,5,true,OK,""
vendor_concentration_analysis,TENANT,true,true,5,true,OK,""
vendor_contact,TENANT,true,true,5,true,OK,""
vendor_due_diligence,TENANT,true,true,5,true,OK,""
vendor_due_diligence_question,TENANT,true,true,5,true,OK,""
vendor_exit_plan,TENANT,true,true,5,true,OK,""
vendor_risk_assessment,TENANT,true,true,5,true,OK,""
vendor_scorecard,TENANT,true,true,5,true,OK,""
vendor_scorecard_history,TENANT,true,true,5,true,OK,""
vendor_sign_off,TENANT,true,true,4,true,OK,""
vendor_sla_definition,TENANT,true,true,5,true,OK,""
vendor_sla_measurement,TENANT,true,true,5,true,OK,""
vendor_sub_processor,TENANT,true,true,5,true,OK,""
vendor_sub_processor_notification,TENANT,true,true,5,true,OK,""
verification_token,AUTH,true,true,0,false,OK,""
vulnerability,TENANT,true,true,5,true,OK,""
wb_anonymous_mailbox,TENANT_CHILD,true,true,1,false,OK,""
wb_case,TENANT,true,true,5,false,OK,""
wb_case_evidence,TENANT,true,true,5,false,OK,""
wb_case_message,TENANT,true,true,5,false,OK,""
wb_evidence,TENANT,true,true,5,false,OK,""
wb_interview,TENANT,true,true,5,false,OK,""
wb_investigation,TENANT,true,true,5,false,OK,""
wb_investigation_log,TENANT_CHILD,true,true,1,false,OK,""
wb_ombudsperson_activity,TENANT,true,true,5,false,OK,""
wb_ombudsperson_assignment,TENANT,true,true,5,false,OK,""
wb_protection_case,TENANT,true,true,5,false,OK,""
wb_protection_event,TENANT,true,true,5,false,OK,""
wb_report,TENANT,true,true,5,false,OK,""
webhook_delivery_log,TENANT_CHILD,true,true,1,true,OK,""
webhook_registration,TENANT,true,true,5,true,OK,""
whistleblowing_audit_log,TENANT,true,true,2,false,OK,""
widget_definition,PLATFORM,false,false,0,true,PLATFORM_EXEMPT,""
work_item,TENANT,true,true,5,true,OK,""
work_item_link,TENANT,true,true,5,true,OK,""
work_item_type,PLATFORM,false,false,0,false,PLATFORM_EXEMPT,""
xbrl_tag,PLATFORM,false,false,0,false,PLATFORM_EXEMPT,""
xbrl_tagging_instance,TENANT,true,true,7,true,OK,""
xbrl_taxonomy,PLATFORM,false,false,0,false,PLATFORM_EXEMPT,""
